station_id,day,x_m,y_m,east_disp_m,north_disp_m,vertical_disp_m
GNSS-01,0,900.0,-700.0,0.003705,-0.006669,0.000731
GNSS-02,0,-1300.0,900.0,0.00199,-0.008575,0.000296
GNSS-03,0,200.0,1600.0,0.005553,-0.009159,0.00089
GNSS-01,10,900.0,-700.0,-0.006063,-0.001306,-0.002376
GNSS-02,10,-1300.0,900.0,-0.004202,-0.004148,0.003705
GNSS-03,10,200.0,1600.0,-0.005277,-0.00259,0.005436
GNSS-01,20,900.0,-700.0,-0.000985,0.005565,0.001578
GNSS-02,20,-1300.0,900.0,-0.001009,0.002207,0.0009
GNSS-03,20,200.0,1600.0,-0.000729,0.001583,-0.002845
GNSS-01,30,900.0,-700.0,-0.002832,0.001072,0.00282
GNSS-02,30,-1300.0,900.0,-0.001264,-0.000597,-0.003127
GNSS-03,30,200.0,1600.0,-0.004021,-0.002063,-0.001366
GNSS-01,40,900.0,-700.0,-0.000442,0.001495,0.006108
GNSS-02,40,-1300.0,900.0,-0.000238,0.001985,0.003964
GNSS-03,40,200.0,1600.0,-0.00331,0.006181,0.000613
GNSS-01,50,900.0,-700.0,0.001061,0.00287,-0.004329
GNSS-02,50,-1300.0,900.0,-0.002789,0.008305,-0.007821
GNSS-03,50,200.0,1600.0,0.000755,0.005837,-0.004735
GNSS-01,60,900.0,-700.0,0.00069,-0.000892,-0.000698
GNSS-02,60,-1300.0,900.0,-0.000189,0.000954,0.002479
GNSS-03,60,200.0,1600.0,0.003646,-0.006376,0.010058
GNSS-01,70,900.0,-700.0,0.007558,-0.005307,0.021974
GNSS-02,70,-1300.0,900.0,-0.007768,0.00265,0.01925
GNSS-03,70,200.0,1600.0,0.004121,0.007831,0.019998
GNSS-01,80,900.0,-700.0,0.003607,-0.001068,0.054263
GNSS-02,80,-1300.0,900.0,-0.024483,0.008409,0.047364
GNSS-03,80,200.0,1600.0,-0.005649,0.020555,0.056081
GNSS-01,90,900.0,-700.0,0.026342,-0.013011,0.07851
GNSS-02,90,-1300.0,900.0,-0.010831,0.014319,0.077991
GNSS-03,90,200.0,1600.0,0.01291,0.023854,0.081205
GNSS-01,100,900.0,-700.0,0.023942,-0.01313,0.10516
GNSS-02,100,-1300.0,900.0,-0.026737,0.019195,0.094716
GNSS-03,100,200.0,1600.0,0.003638,0.037569,0.099422
GNSS-01,110,900.0,-700.0,0.029943,-0.020743,0.133782
GNSS-02,110,-1300.0,900.0,-0.036009,0.018573,0.127151
GNSS-03,110,200.0,1600.0,0.011461,0.04028,0.127243
GNSS-01,120,900.0,-700.0,0.030824,-0.026294,0.159812
GNSS-02,120,-1300.0,900.0,-0.042267,0.032398,0.155002
GNSS-03,120,200.0,1600.0,0.008316,0.054218,0.154886
GNSS-01,130,900.0,-700.0,0.034899,-0.023107,0.191461
GNSS-02,130,-1300.0,900.0,-0.04871,0.038568,0.174866
GNSS-03,130,200.0,1600.0,0.011018,0.065876,0.174321
GNSS-01,140,900.0,-700.0,0.042225,-0.035438,0.214174
GNSS-02,140,-1300.0,900.0,-0.055948,0.037022,0.193845
GNSS-03,140,200.0,1600.0,0.007047,0.065039,0.193464
GNSS-01,150,900.0,-700.0,0.041962,-0.035854,0.248993
GNSS-02,150,-1300.0,900.0,-0.066961,0.047959,0.219806
GNSS-03,150,200.0,1600.0,0.011927,0.085769,0.219102
GNSS-01,160,900.0,-700.0,0.053184,-0.044,0.268456
GNSS-02,160,-1300.0,900.0,-0.068026,0.043735,0.249947
GNSS-03,160,200.0,1600.0,0.014396,0.083488,0.245204
GNSS-01,170,900.0,-700.0,0.056068,-0.046549,0.301586
GNSS-02,170,-1300.0,900.0,-0.082834,0.054708,0.277107
GNSS-03,170,200.0,1600.0,0.010772,0.096892,0.273059
GNSS-01,180,900.0,-700.0,0.071473,-0.04547,0.327031
GNSS-02,180,-1300.0,900.0,-0.081116,0.062121,0.299011
GNSS-03,180,200.0,1600.0,0.018373,0.107293,0.297417
GNSS-01,190,900.0,-700.0,0.074808,-0.043744,0.356134
GNSS-02,190,-1300.0,900.0,-0.092053,0.068558,0.31759
GNSS-03,190,200.0,1600.0,0.014592,0.125982,0.315563
GNSS-01,200,900.0,-700.0,0.066281,-0.056658,0.38026
GNSS-02,200,-1300.0,900.0,-0.10885,0.074749,0.34577
GNSS-03,200,200.0,1600.0,0.015041,0.1258,0.345379
GNSS-01,210,900.0,-700.0,0.076616,-0.065428,0.403774
GNSS-02,210,-1300.0,900.0,-0.109007,0.071128,0.372199
GNSS-03,210,200.0,1600.0,0.013951,0.130942,0.372985
GNSS-01,220,900.0,-700.0,0.081485,-0.068921,0.434163
GNSS-02,220,-1300.0,900.0,-0.114261,0.082801,0.392789
GNSS-03,220,200.0,1600.0,0.025653,0.138192,0.392774
GNSS-01,230,900.0,-700.0,0.086427,-0.073445,0.458859
GNSS-02,230,-1300.0,900.0,-0.121984,0.088015,0.418378
GNSS-03,230,200.0,1600.0,0.016482,0.147726,0.417873
GNSS-01,240,900.0,-700.0,0.098832,-0.066923,0.484913
GNSS-02,240,-1300.0,900.0,-0.131983,0.096013,0.449874
GNSS-03,240,200.0,1600.0,0.021371,0.165379,0.445428
GNSS-01,250,900.0,-700.0,0.105241,-0.078316,0.514885
GNSS-02,250,-1300.0,900.0,-0.143945,0.09919,0.469363
GNSS-03,250,200.0,1600.0,0.020521,0.175513,0.470001
GNSS-01,260,900.0,-700.0,0.103477,-0.080284,0.540231
GNSS-02,260,-1300.0,900.0,-0.14521,0.103185,0.499255
GNSS-03,260,200.0,1600.0,0.015337,0.181775,0.490776
GNSS-01,270,900.0,-700.0,0.119506,-0.09309,0.561733
GNSS-02,270,-1300.0,900.0,-0.147299,0.101989,0.519758
GNSS-03,270,200.0,1600.0,0.024427,0.189171,0.514513
GNSS-01,280,900.0,-700.0,0.117913,-0.090376,0.588226
GNSS-02,280,-1300.0,900.0,-0.155294,0.106411,0.544209
GNSS-03,280,200.0,1600.0,0.024519,0.203209,0.535799
GNSS-01,290,900.0,-700.0,0.128053,-0.089502,0.614484
GNSS-02,290,-1300.0,900.0,-0.163279,0.118026,0.570614
GNSS-03,290,200.0,1600.0,0.021474,0.210509,0.559354
GNSS-01,300,900.0,-700.0,0.127985,-0.098143,0.647239
GNSS-02,300,-1300.0,900.0,-0.164628,0.122414,0.597948
GNSS-03,300,200.0,1600.0,0.023729,0.212573,0.595906
GNSS-01,310,900.0,-700.0,0.13226,-0.106362,0.671352
GNSS-02,310,-1300.0,900.0,-0.181651,0.120048,0.623888
GNSS-03,310,200.0,1600.0,0.026196,0.216592,0.616972
GNSS-01,320,900.0,-700.0,0.145074,-0.111469,0.70423
GNSS-02,320,-1300.0,900.0,-0.188864,0.120906,0.643868
GNSS-03,320,200.0,1600.0,0.032483,0.221412,0.63934
GNSS-01,330,900.0,-700.0,0.149528,-0.113627,0.726708
GNSS-02,330,-1300.0,900.0,-0.1904,0.131484,0.670647
GNSS-03,330,200.0,1600.0,0.034369,0.2333,0.665733
GNSS-01,340,900.0,-700.0,0.150985,-0.112495,0.759691
GNSS-02,340,-1300.0,900.0,-0.201813,0.138758,0.700478
GNSS-03,340,200.0,1600.0,0.02514,0.254753,0.693972
GNSS-01,350,900.0,-700.0,0.161413,-0.129445,0.783056
GNSS-02,350,-1300.0,900.0,-0.208212,0.139169,0.727821
GNSS-03,350,200.0,1600.0,0.039811,0.248391,0.722094
GNSS-01,360,900.0,-700.0,0.159841,-0.118775,0.800605
GNSS-02,360,-1300.0,900.0,-0.212558,0.151058,0.743144
GNSS-03,360,200.0,1600.0,0.034023,0.265613,0.732545
